"comunidad","year","roe","margen","rotacion","gastosfin","cobertura","cobro","pago","crecimiento","solvencia","liquidez","ingresosemp","costeemp","beneficioemp","ventas","gastosfinancieros","gastospersonal","resultadoejercicio","activo","inmovilizado","activocorriente","patrimonioneto","deudaslargoplazo","deudascortoplazo","fondomaniobra"
"Aragon",1996,16.22,1.3,2.03,0.01,1.71,69.59,36.24,11.28,24.53,1.2,75.24,15.52,1.08,342713.53,7970.66,80816.56,9742.56,252700.7,73511.59,179189.12,85860.24,60163.47,8274.55,128565
"Aragon",1997,21.67,1.4,2.13,0.01,1.88,61.94,31.28,15.88,24.84,1.16,79.37,17.17,1.46,481000.53,8464.6,114486.53,5746.05,323852.88,94267.18,229585.73,95443.68,62594.72,7652.83,149776.55
"Aragon",1998,20.46,1.29,2,0.01,2.26,66.48,39.28,14.82,23.31,1.15,78.74,16.44,1.19,668491.89,8410.48,143463.25,26642.02,380528.94,98001.94,282527.05,109623.39,52350.58,13285.56,185642.44
"Aragon",1999,23.11,1.61,2.08,0.01,2.82,65.7,26.46,13.89,24.59,1.18,73.28,17.65,1.85,792405.32,12884.68,166843.82,7949.19,470196.98,147281.11,322915.88,131516.88,50274.6,19493.62,215540.96
"Aragon",2000,18.24,0.88,1.95,0.01,1.65,63.44,68.26,12.53,21.31,1.11,74.5,17.89,0.71,951135.18,12281.83,207068.47,18690.15,693304.12,234545.25,458758.86,201536.33,51902.42,39248.64,326147.01
"Aragon",2001,18.37,0.53,1.97,0.01,1.27,61.26,19.56,6.9,22.6,1.08,68.21,18.62,0.53,1071717.74,15205.61,239883.1,-7917.06,705512.61,280250.2,425262.42,202218.1,70249.76,47834.99,304314.54
"Aragon",2002,17.65,0.97,1.84,0.01,1.61,67.44,18.25,5.9,21.55,1.12,70.61,19.27,0.75,976392.8,9611.66,206083.22,-3771.48,546096.62,209653.16,336443.5,156481.3,99603.77,54686.51,247206.99
"Aragon",2003,17.63,0.97,1.9,0.01,1.76,64.82,21.2,6.8,20.42,1.11,71.95,19.74,0.8,1081302.45,7483.55,212243.82,-11107.8,510718.23,128257.5,382460.73,125699.68,82114.72,64811.31,279991.64
"Aragon",2004,13.14,0.73,1.83,0,1.88,62.88,18.39,7.74,21.19,1.15,74.87,20.82,0.76,1194738.69,7065.25,213421.8,-301.13,512263.96,118421.28,393842.68,93432.32,37669.74,62189.96,290791.67
"Aragon",2005,15.06,0.7,1.82,0,1.84,64.75,38.29,10.24,19.03,1.15,71.23,21.17,0.65,1326279.04,9529.72,231324.45,17227.51,664070.45,212850.89,451219.55,139881.41,157557.07,17134.19,251329.08
"Aragon",2006,18.03,1.03,1.74,0.01,2.25,63.16,41.6,10.8,20.36,1.16,77.17,22.02,0.86,1514296.49,14946.51,256614.7,11275.42,807099.76,285422.57,521677.21,148096.91,225009.21,32519.83,312430.97
"Aragon",2007,19.52,1.51,1.75,0.01,2.86,67.23,43.12,8.71,22.86,1.26,84.34,23.18,1.35,1725865.06,23259.97,279185.64,37781.25,858468.62,249447.59,609021.04,286095.89,33757.49,147714.51,398035.84
"Aragon",2008,15.02,1.03,1.79,0.01,1.71,54.67,36.52,0.35,25.98,1.23,81.31,24.92,1.1,1575731.15,22460.16,306818.69,2190.15,824572.21,261571.43,563000.78,248033.44,146136.59,78464.39,293111.82
"Aragon",2009,9.88,0.73,1.48,0.01,1.45,63.73,36.03,-11.36,24.76,1.22,75.32,26.11,0.53,1344526.84,26595.64,299289.12,-35686.7,831888.86,284036.75,547852.13,234566.33,146661.46,74850.19,268534.25
"Aragon",2010,9.41,0.76,1.48,0.01,1.7,62.57,52.37,-1.74,26.74,1.28,79.04,26,0.63,1416865.08,19334.65,291799.7,15104.02,854114.97,311546.11,542568.85,275505.93,145454.66,57403.32,301623.54
"Aragon",2011,6.59,0.46,1.43,0.01,1.23,60.41,42.75,-5.29,27.92,1.27,74.71,26.62,0.27,1331310.76,18251.42,281118.13,3688.86,808484.34,285995.83,522488.51,275939.66,111059.22,60857.48,254683.86
"Aragon",2012,,,,,,,,,,,,,,,,,,,,,,,,
"Andalucia",1996,16.2,1,1.84,0.01,1.48,65.67,23.27,10.61,14.53,1.02,71.1,15.34,0.86,785540.62,19493.54,152123.73,12074.72,556640.84,165970.36,390670.53,133221.12,30512.07,87289.9,258867.35
"Andalucia",1997,18.91,1.11,1.9,0.01,1.69,58.49,46.72,15.85,15.84,1.05,74.62,14.27,1.17,999674.04,21342.27,149577.72,31481.54,577471.66,188547.38,388924.3,126918.52,34309.36,57040.98,235759.95
"Andalucia",1998,22.49,0.95,1.83,0.01,1.67,60.04,43.09,20.11,14.61,1.05,78.33,14.07,1.02,1158080.88,16385.84,181805.77,25101.21,727897.09,239702.3,488194.77,182238.96,46956.53,39112.95,276400.69
"Andalucia",1999,22.27,1.03,1.88,0.01,1.97,55.93,60.39,17.78,13.45,1.03,75.07,14.48,0.94,1360207.68,28542.33,223843.34,-3131.85,1168011.71,475539.22,692472.54,324755.95,148629.22,81288.58,329273.19
"Andalucia",2000,20.36,1.01,1.74,0.01,1.66,60.54,49.48,13.25,13.85,1.02,71.81,14.9,0.76,1634009.84,56395.04,289550.09,-85045.74,1632152.49,824233.11,807909.38,363519.28,250473.66,60852.85,355558.11
"Andalucia",2001,20.98,0.87,1.83,0.01,1.64,54.91,39.54,11.05,13.7,1.02,70.24,15.12,0.76,1894387.87,51507.24,342669.31,-36519.39,1814805.79,970477.74,844328.09,340985.59,497553.16,182528.15,451826.31
"Andalucia",2002,21.04,0.85,1.72,0.01,1.78,55.65,37.54,7.06,13.72,1.02,68.02,15.58,0.58,1895708.68,36974.18,352052.18,-73934.7,1705462.48,827386.66,878075.82,470448.31,379299.37,102531.54,486878.86
"Andalucia",2003,18.76,0.86,1.71,0.01,1.8,53.42,38.11,13.9,15.4,1.04,74.16,16.03,0.63,2230318.24,24422.89,336533.83,21236.93,1319446.54,404018.37,915428.18,410972.13,131736.5,50773.11,433323.24
"Andalucia",2004,19.6,0.75,1.66,0.01,1.78,56.93,36.8,8.42,14.03,1.03,75.22,16.94,0.72,2537833.07,33052.97,389469.74,35453.77,1532710.46,494184.86,1038525.62,488027.82,151923.28,114773.37,495902.08
"Andalucia",2005,17.56,0.76,1.65,0.01,1.77,56.26,51.21,6.71,12.93,1.04,76.77,17.59,0.57,2492238.99,21735.82,426729.42,11235.73,1444208.32,490067.1,954141.23,456847.81,174406.33,77132.71,556605.83
"Andalucia",2006,18.89,0.98,1.63,0.01,2.08,55.08,41.25,10.38,13.72,1.07,79.46,18.22,0.81,2693285.13,25728.97,476250.94,19084.34,1666947.06,588698.42,1078248.65,497753.99,251454.3,94207.42,641893.71
"Andalucia",2007,19.26,1.27,1.68,0.01,2.12,56.52,51.38,6.18,15.34,1.08,85.73,19.24,1.23,2637123.21,38200.72,560724.2,3305.24,1923641.77,663540.13,1260101.64,535345.4,177554.83,147194.3,782636.61
"Andalucia",2008,15,1.06,1.51,0.01,1.88,51.42,33.34,-3.98,17.61,1.1,77.79,20.7,0.91,2825989.88,46768.48,601723.23,9711.74,1902638.35,692754.3,1209884.06,637964.96,268432.52,147997.56,764635.84
"Andalucia",2009,12.4,0.76,1.36,0.01,1.47,52.29,35.57,-11.38,18.24,1.1,71.14,20.94,0.65,2304709.12,31673.24,600874.61,10772.55,1890419.04,747592.22,1142826.84,638212.88,294130.63,119953.12,704442.25
"Andalucia",2010,11.22,0.81,1.34,0.01,1.81,56.02,33.64,-0.88,19.5,1.14,74.25,22,0.75,2511951.34,31842.82,653498.51,3250.08,2076394.77,812546.13,1263848.69,677227.91,323685.78,122287.34,744279.19
"Andalucia",2011,8.31,0.57,1.3,0.01,1.34,53,32.12,-6.42,19.55,1.14,70.58,22.71,0.53,2300169.75,36920.59,664862.76,-88382.37,1803593.01,697338.91,1104715.87,447194.35,322357.78,95186.14,620625.43
"Andalucia",2012,,,,,,,,,,,,,,,,,,,,,,,,
"Asturias",1996,11.74,0.81,1.8,0.01,1.79,64.16,71.34,5.68,22.3,1.12,88.14,15.95,1.13,103641.47,2694.61,18274.15,1375.34,71684.41,17813.35,53871.06,21237.93,3886.28,4214.06,37371.36
"Asturias",1997,23.65,1.37,1.92,0.01,2.04,71.04,56.01,15.19,19.02,1.15,92.69,16.95,1.33,138777.52,2946.85,22325.43,2814.68,90598.06,23447.85,67150.21,28572.79,6306.45,3015.18,44364.18
"Asturias",1998,21.69,1.14,2.08,0.01,1.52,74.03,82.5,10.16,18.47,1.09,69.68,15.19,0.67,177692.88,2641.01,27515.37,1789.03,124656.1,41649.64,83006.46,38395.44,9088.85,6444.35,51388.56
"Asturias",1999,16.35,0.86,2.15,0.01,1.72,70.7,53.05,10.98,17.21,1.08,75.44,14.85,0.86,220200.91,4230.15,35841.05,3344.05,199987.99,71649.49,128338.5,52512.17,38822.19,6877.83,75726.48
"Asturias",2000,17.05,0.91,2.09,0.01,1.72,61.42,40.59,12.78,17.32,1.02,71.97,14.76,0.65,291840.17,7539.15,44750.56,2770.08,258007.77,98819,159188.78,66808.92,48577.16,14554.93,95535.09
"Asturias",2001,15.66,0.68,2.13,0.01,2.11,59.79,35.2,8.6,19.63,1.1,78.87,16.01,0.74,312650.43,7313.16,56502.95,5121.57,283435.44,129617.02,153818.42,85042.88,58817.13,11869.72,99454.94
"Asturias",2002,16.62,0.63,2.09,0.01,1.65,58.42,51.37,-0.08,19.65,1.13,68.6,16.14,0.5,297759.97,6569.52,59287.35,733.23,300373.78,161197.17,139176.61,87165.17,95633.96,16792.51,100348.74
"Asturias",2003,10.71,0.53,2,0.01,1.46,61.49,55.47,4.94,20.63,1.15,68.19,17.95,0.39,289091.65,7293.06,61979.96,-4181.5,299110.32,170993.62,128116.7,81917.52,98606.97,19965.08,72701.17
"Asturias",2004,12.05,0.88,1.81,0.01,1.75,66.1,72.91,3.75,17.91,1.11,66.49,18.81,0.73,350678.87,7248.53,68812.9,2772.28,320043.87,178785.62,141258.24,85906.34,91830.15,27446.74,79170.77
"Asturias",2005,13.76,1.18,1.77,0.01,2.52,62.74,53.39,7.35,21.77,1.17,72.4,19.73,0.86,408696.75,7504.54,80482.77,7618.88,361467.57,192895.44,168572.12,99552.21,99736.73,26198.64,96424.78
"Asturias",2006,13.55,1.38,1.82,0.01,2.68,63.54,32.73,9.58,21.92,1.17,72.46,20.09,1.01,431800.37,7822.32,89929.77,9552.98,362114.08,192730.07,169384.01,102844.48,100559.3,32956.68,97218.31
"Asturias",2007,20.74,1.51,1.92,0.01,2.35,68.93,49.14,8.14,22.14,1.2,78.87,20.73,1.26,488132.36,9193.74,103209.97,15988.33,404023.44,200980.13,203043.3,114635.15,90010.72,43508.5,102737.67
"Asturias",2008,15.96,1.48,1.89,0.01,1.91,60.77,34.77,0.92,24.84,1.23,72.09,22.53,0.95,530622.83,12942.27,116191.5,13251.14,459939.71,248538.96,211400.74,126686.55,116235.44,58628.9,119824.51
"Asturias",2009,15.23,0.94,1.64,0.01,1.46,72.72,43.38,-5.49,26.29,1.23,65.2,22.74,0.62,519226.27,8417.14,120651.42,16362.06,484301.21,235583.04,248718.17,148882.54,100563.75,55775.07,118778.85
"Asturias",2010,13.81,1.51,1.64,0.01,2.36,72.97,43.66,-2.2,28.06,1.27,62.04,23.52,0.99,550898.07,7743.75,123295.37,23686.79,502212.83,249766.79,252446.05,177256.05,74617.96,52872.64,103150.62
"Asturias",2011,8.27,0.85,1.5,0.01,1.44,65.85,40.65,-4.18,29.28,1.31,60.66,23.59,0.48,513486.43,9657.13,121833.35,15605.76,777733.85,553797.61,223936.25,189514.66,339606.02,40883.96,99776.65
"Asturias",2012,,,,,,,,,,,,,,,,,,,,,,,,
"Baleares",1996,18.7,1.07,2.1,0.01,1.82,62.56,,9.65,20.26,1.1,83.44,15.19,0.86,39000.53,557.93,8129.66,406.33,21535,5847.63,15687.39,6006.91,1309.23,0,13431.6
"Baleares",1997,18.95,1.36,2.21,0.01,1.58,55.3,,13.23,19.77,1.17,79.62,15.5,1.04,46180.65,772.66,10169.51,385.53,32581.7,8660.57,23921.12,13621.3,2767.36,0,20601.89
"Baleares",1998,20.34,1.77,2.15,0.01,2.87,54.65,,14.94,21.72,1.09,81.29,17.14,1.09,65332.02,737.29,13334.02,677.67,62491.04,33652.14,28838.92,31931.72,2817.46,0,19580.27
"Baleares",1999,26.83,1.92,2.13,0.01,2.56,60.82,,20.23,23.65,1.11,89.65,17.31,1.23,92378.18,802.71,18735.77,2100.16,58392.44,27173.17,31219.27,24784.88,3866.29,0,25530.9
"Baleares",2000,22.29,0.92,1.9,0.01,1.75,57.77,,9.96,20.62,1.14,81.46,18.07,1.12,136179.46,11020.2,30849.15,-16912.47,202234.15,120742.74,81491.4,39922.21,57910.5,4541.51,56406.54
"Baleares",2001,12.62,1,1.9,0.01,1.64,62.75,37.13,4.69,22.92,1.08,72.96,18.65,1.18,193322.29,1324.68,34458.72,2065.11,93732.56,38284.59,55447.97,34447.89,7549.53,25.01,44089.55
"Baleares",2002,16.05,0.86,1.82,0.01,2.18,58.38,13.34,3.63,19.57,1.07,73.42,20.24,1.03,259466.04,1672.07,40701.2,3577.75,105826.7,37859.6,67967.09,41900.34,8231.33,5.94,43139.44
"Baleares",2003,16.37,1.02,1.82,0.01,1.89,57.56,,4.38,22.42,1.07,75.45,20.9,0.89,166686.5,1567.93,42557.38,-233.43,98665.24,33977.44,64687.8,33237.06,9361.29,42.03,50142.03
"Baleares",2004,15.75,1,1.79,0.01,2.11,67.19,24.4,3.91,22.12,1.1,87.24,20.66,0.92,182074.15,1343.25,38977.84,2608.49,117304.06,37952.89,79351.17,45279.81,11430.34,740.92,52385.28
"Baleares",2005,15.6,1.23,1.76,0.01,2.01,62.1,23.73,5.42,19.48,1.11,80.09,20.21,1.05,184711.6,1922.7,52603.33,1738.41,132559.05,41109.63,91449.43,47133.55,18190.03,644.84,53805.65
"Baleares",2006,15.27,1.35,1.65,0.01,2.22,67.71,,9.77,20.5,1.16,89.75,22.33,1.29,210107.07,1988.98,65389.15,2045.42,146977.09,49692.45,97284.64,53762.89,20739.15,262.19,60414.42
"Baleares",2007,20.08,1.8,1.81,0.01,3.18,67.21,47.02,3.78,22.53,1.25,89.01,22.99,1.62,221784.38,2507.73,71139.99,3068.67,152757.78,68940.71,83817.07,59962.33,1735.28,1318.74,58277.41
"Baleares",2008,11.69,1.27,1.41,0.01,1.94,61.89,61.39,-1.99,24.93,1.22,74.71,23.67,1.04,221229.2,3367.78,77225.19,-2451.47,197943.2,96898.02,101045.18,63270.42,44604.95,10631.88,68861.74
"Baleares",2009,7.49,0.31,1.38,0.01,1.14,64.11,43.57,-12.34,25.07,1.25,69.47,25.18,0.33,220427.86,4026.8,90370.37,-5009.04,228632.13,100430.29,128201.83,78698.64,52391.78,10137.22,73012.17
"Baleares",2010,5.96,0.37,1.19,0.01,1.14,64.07,35.5,-4.54,23.4,1.32,72.97,26.06,0.26,223828.09,3579.04,88878.19,1916.99,239764.58,116477.16,123287.43,83417.07,58919.8,8526.19,75382.74
"Baleares",2011,5.01,0.31,1.33,0.01,1.18,62.66,31.3,-4.62,26.04,1.37,72.19,26.35,0.23,209229.75,4279.74,86086.73,-2900.4,264169.65,131590.37,132579.3,82146.83,64058.92,8296.19,76268.25
"Baleares",2012,,,,,,,,,,,,,,,,,,,,,,,,
"Canarias",1996,16.87,1.96,1.81,0.01,1.96,71.4,82.38,8.93,34.89,1.39,136.54,14.49,4.71,81139.63,2359.48,9371.89,1505.49,59050.72,16418.41,42632.3,22806.6,3325.42,7347.5,29304
"Canarias",1997,17.63,3.29,1.64,0.01,2.79,74.96,67.12,12.54,30.39,1.34,97.86,14.99,4.7,101413.08,2431.2,12858.63,3931.95,74776.29,19257.5,55518.78,29426.14,5147.71,7931.26,41424.28
"Canarias",1998,30.7,4.03,1.74,0.01,4.06,81.94,67.43,26.18,31.52,1.38,104.66,15.38,3.81,146961.24,2005.84,22529.93,6328.81,111853.87,28040.95,83812.92,49693.61,7228.16,6723.99,55597.95
"Canarias",1999,26.87,3.56,1.77,0.01,6.15,73.38,67.76,14.16,37.32,1.43,116.04,16.65,5.16,211862.02,2509.68,32428.65,7848.71,170231.05,63631.9,106599.15,79994.93,8540.32,4916.88,70375.23
"Canarias",2000,19.28,3.18,1.71,0.01,4.27,75.88,78.1,8.37,38.54,1.41,96.11,17.32,4.49,291164.29,3826.46,45379.83,3992.02,266833.94,145458.42,121375.54,91657.28,45003.16,22661.8,49407.61
"Canarias",2001,19.73,2.08,1.63,0,3.45,69.22,63.6,13.67,32.74,1.26,74.24,16.26,2.37,382764.99,6482.55,58882.19,-2123.89,380909.97,216673.41,164236.56,148880.96,79020.64,15817.43,76184.72
"Canarias",2002,25.19,3,1.54,0.01,3.88,65.19,56.68,9.67,30.51,1.32,81.07,15.64,3.13,449390.4,9895.08,65408.64,-30289.59,536751.37,328408.91,208342.46,215476.09,123191.64,33212.28,115280.35
"Canarias",2003,16.37,2.37,1.56,0.01,2.97,64.8,37.51,6.38,32.36,1.31,81.48,16.33,2.16,499021.8,5081.28,69190.9,12908.85,495486.02,279971.05,215514.95,254077.24,74934.57,21293.51,149176.41
"Canarias",2004,16.71,2.27,1.49,0,3.49,63.35,41.58,5.96,33.75,1.38,83.07,15.98,2.24,500885.6,7877.17,75511.84,14956.82,612605.58,370095.06,242510.52,268180.48,158769.53,24727.71,154836.68
"Canarias",2005,16.87,2.56,1.44,0,3.32,68.05,52.45,8.4,34.02,1.39,91.7,16.92,2.79,614954.75,12598.74,84680.27,14959.01,656345.99,368121.72,288224.28,285547.79,121110.99,24985.19,186851.35
"Canarias",2006,14.47,2.18,1.35,0.01,3.58,68.47,48.99,6.08,33.2,1.44,96.88,18.62,2.45,718074.3,13248.7,97652.25,23228.6,708185.03,376110.67,332074.36,316754.64,143893.02,26018.6,213778.87
"Canarias",2007,12.27,2.28,1.33,0.01,3.31,74.81,67.77,2.61,36.78,1.52,96.78,20.61,3.14,747397.89,11740.67,106346.9,22937.04,802633.31,431822.8,370810.49,336621.17,167476.84,27840.69,204705.58
"Canarias",2008,9.22,1.74,1.31,0.01,2.05,61.93,44.6,-7.2,37.64,1.45,88.72,21,1.94,680530.28,14598.44,112363.96,21468.56,852714.71,448219.18,404495.54,352642.12,252140.53,45642.95,195658.52
"Canarias",2009,6.8,1.05,1.14,0.01,1.62,66,21.4,-15.56,40.51,1.55,85.22,20.48,0.99,655576.66,8553.91,108254.6,32667.05,934401.65,579051.91,355349.74,386618.51,278944.68,67506.23,200356.41
"Canarias",2010,7.06,1.63,1.08,0.01,2.07,64.33,34.24,-2.96,44.34,1.67,85.02,21.18,1.81,630341.19,15689.54,105272.38,31232,930665.06,603469.76,327195.29,415036.37,235980.85,67858.88,167206.52
"Canarias",2011,5.98,1.31,1.1,0.01,1.97,65.65,42.92,-3.44,44.9,1.68,81.2,22.9,1.16,581389.75,16191.18,99084.78,22301.24,1138171.55,743324.55,394847.01,447124.64,299268.08,58625.75,154781.77
"Canarias",2012,,,,,,,,,,,,,,,,,,,,,,,,
"Cantabria",1996,11.63,0.24,1.8,0.02,1.12,85.98,,1.44,21.22,1.16,79.61,18.21,-0.07,22351.38,711.86,4850.95,-1021.72,25945.85,11547.34,14398.52,8511.34,7366.1,0,10419.02
"Cantabria",1997,37.28,2.85,1.78,0.01,2.51,90.82,,19.05,29.27,1.25,103.3,17.24,-0.43,29126.21,800.61,5704.91,-404.09,26128.79,13042.78,13086.02,8671.53,6965.52,0,11012.62
"Cantabria",1998,23.77,1.5,1.65,0.01,2.18,66.91,,1.61,22.91,1.23,100.53,14.89,0.85,34796.47,662.93,7182.85,103.29,32804.18,15588.2,17215.97,9845.24,8447.07,0,14881.99
"Cantabria",1999,23.95,2.15,1.74,0.01,3.55,71.15,,10.01,25.92,1.33,107.78,20.69,3.7,46951.86,743.89,9544.18,-2125.98,71351.15,38228.34,33122.82,18997.76,30924.66,0,20327.36
"Cantabria",2000,21.58,2.41,1.82,0.01,2.6,108.07,,12.66,18.74,1.13,76.36,17.56,2.24,55051.47,5425.94,13937.84,-12408.48,103647.11,67222.44,36424.66,6356.09,44995.67,0,26227.89
"Cantabria",2001,20.38,1.1,1.95,0.01,1.88,52.42,45.25,11.51,17.53,1.04,76,17.13,1.22,68422.56,631.22,19328.41,1768.13,36278.52,8583.74,27694.78,11513.34,4778.79,1674.83,20735.85
"Cantabria",2002,15.87,1.02,1.95,0.01,2.41,49.89,39.42,1.37,12.67,1.03,78.61,18.68,0.9,67600.86,756.32,19556.49,683.76,36357.35,7447.15,28910.2,10946.11,7209.37,53.96,20622.88
"Cantabria",2003,16.32,0.93,2.01,0.01,1.87,53.83,48.08,5.4,16.97,1.07,82.61,18.88,0.32,71718.36,540.28,20544.26,2267.16,42493.84,7557.44,34936.4,13634.94,5811.81,148.91,23147.63
"Cantabria",2004,16.73,1.18,1.92,0,3.18,62.37,25.01,8.37,19.78,1.17,61.83,18.71,0.72,80767.39,453.88,22215.31,2993.8,45071.63,7438.21,37633.43,16302.89,4263.47,171.18,26161.53
"Cantabria",2005,31.05,1.07,1.89,0,3.52,58.41,29.68,5.59,13.08,1.13,70.35,19.49,0.81,97250.42,404.65,29029.04,2997.81,50792.3,12089.23,38703.08,18710.65,5092.82,168.9,28025.49
"Cantabria",2006,23.8,2.45,1.86,0,3.96,61.23,34.96,6.44,15.66,1.2,76.79,20.68,2.06,123385.57,581.93,33504.29,6267.03,69891.26,12852.61,57038.66,23613.85,6386.79,205.99,37442.21
"Cantabria",2007,24.57,2.26,1.97,0,4.1,59.48,35.55,17.56,19.81,1.29,88.15,22.24,1.38,148884.91,735.07,40468.96,7663.17,76492.45,16027.1,60465.35,29413.56,1269.04,2358.54,37453.41
"Cantabria",2008,17.92,1.24,1.64,0,2.85,52.78,30.59,-4.35,22.46,1.25,84.88,21.28,1.6,157045.93,1260.66,48387.27,4522.7,102119.22,22722.61,79396.61,37430.15,16197.26,4227.54,48610.81
"Cantabria",2009,15.63,1.52,1.52,0.01,1.74,68.23,41.78,-4,23.39,1.23,73.63,24.14,1.33,173206.6,1172.98,51216.47,4834.83,112692.88,34943.89,77749,41805.39,20520.88,3417.28,46888.28
"Cantabria",2010,10.29,0.7,1.37,0.01,2.44,60.44,21.78,-0.9,23.35,1.2,86.18,25.51,0.71,208230,1263.67,52321.93,4908.28,137305.3,48212.78,89092.52,47896.05,29162.61,7363.22,56407.33
"Cantabria",2011,7.49,0.63,1.27,0.01,1.66,64.31,12.85,-9.97,24.07,1.28,81.15,27.34,0.65,234745.2,2307.18,55535.79,3671.8,148511.42,52762.47,95748.95,52934.21,34732.56,6875.01,68146.04
"Cantabria",2012,,,,,,,,,,,,,,,,,,,,,,,,
"Castilla La Mancha",1996,16.56,0.72,1.86,0.01,1.38,52.59,10.13,9.93,18.77,1.04,65.09,12.19,0.83,68732.21,2178.38,7556.18,181.79,34889.84,9972.79,24917.05,6194.28,4469.5,6052.06,20070.57
"Castilla La Mancha",1997,12.6,0.79,1.9,0.01,1.36,48.14,28.73,18.97,19.34,1.02,79.3,13.6,0.98,90264.32,1992.53,9196,710.04,39597.99,11965.69,27632.3,7925.41,4531.67,5964.49,20890.93
"Castilla La Mancha",1998,15.26,1.12,1.87,0.01,1.49,52.22,10.68,21.44,16.71,1.07,89.94,13.21,0.95,145829.25,1862.02,13030.36,1436.8,66235.67,20969.42,45266.25,14624.98,6177.32,7622.6,32136.73
"Castilla La Mancha",1999,22.3,1.11,1.84,0.01,1.89,58.84,10.25,15.16,15.16,1.05,91.19,13.18,0.87,237984.58,5785.13,19505.57,1789.28,130735.39,48808.14,81927.25,34429.99,21359.62,14137.67,56622.27
"Castilla La Mancha",2000,17.7,0.95,1.82,0.01,2.19,48.56,28.94,12.87,16.22,1.08,78,14.34,1.15,448266.7,15642.32,34692.93,4438.89,255306.5,94854.44,160452.04,59543.09,50531.64,24655.48,104355.41
"Castilla La Mancha",2001,19.63,0.46,1.84,0.01,1.33,53.02,22.35,10.49,16.18,1.04,78.91,14.94,0.49,618589.4,6547.92,40346.87,12831.13,204499.06,58381.78,146117.26,56944.13,27380.29,28411.77,78355.82
"Castilla La Mancha",2002,18.74,0.94,1.64,0.01,1.73,47.88,31.8,6.81,15.69,1,68.72,14.89,0.55,756920.54,7113.03,53828.77,-6256.5,251329.28,62766.43,188562.85,60859.46,33137.52,40086.86,101646.35
"Castilla La Mancha",2003,20.29,0.92,1.77,0.01,1.78,49.72,24.77,9.12,14.67,1,67.49,16.61,0.64,852292.74,6341.97,59428.65,10822.59,354900.63,92087.16,262813.48,88180.12,52624.07,62511.84,148355.42
"Castilla La Mancha",2004,20.99,1.19,1.8,0.01,2.48,56.52,22.21,9.62,13.19,1.02,70.18,16.83,0.93,835555.32,6148.25,56007.83,9052.53,361019.98,88821.45,272198.53,88751.31,49781.97,66541.86,156697.39
"Castilla La Mancha",2005,17.15,1.03,1.68,0.01,2.3,57.54,32.35,13.96,12.21,1.05,78.26,18.5,0.73,1109534.77,7305.69,64923,14770.49,421545.43,102294.43,319251,103819.72,57562.09,61434.07,188465.41
"Castilla La Mancha",2006,19.7,1.36,1.67,0.01,2.69,57.18,32.94,13.85,14.1,1.09,88.4,18.95,1.2,1134386.34,12329.88,87948.99,-44828.45,526486.99,126180.26,400306.72,60117.14,69885.11,123114.79,274091.97
"Castilla La Mancha",2007,23.5,1.4,1.62,0.01,2.23,55.31,60.84,4.24,14.31,1.1,88.99,19.46,1.65,1002736.31,14277.23,84188.14,9249.96,470175.35,128241.36,341934,68739.23,43191,93740.58,218737.01
"Castilla La Mancha",2008,18.82,1.41,1.57,0.01,2.32,47.77,60.34,-1.54,16.44,1.11,78.14,20.6,1.25,1043043.28,14476.12,77731.58,18808.53,489818.66,137615.01,352203.66,135102.72,71445.32,112380.73,224271.49
"Castilla La Mancha",2009,11.15,0.94,1.24,0.01,1.86,62.47,48.15,-16.65,16.68,1.14,74.82,20.94,0.74,961298.51,9488.49,72739.71,17126.53,477767.8,139038.86,338728.96,149812.93,68186.24,97335.21,223754.31
"Castilla La Mancha",2010,10.18,1.02,1.27,0.01,1.95,57.7,51,-4.3,20.8,1.21,72.83,21.46,0.56,1036126.39,10358.12,76518.91,17737.54,523855.23,148876.21,374979.02,172962.85,63847.15,106872.73,214681.18
"Castilla La Mancha",2011,6.48,0.48,1.07,0.01,1.34,65.26,47.28,-10.93,21.53,1.25,66.68,21.77,0.27,1038993.46,11760.13,73631.07,13282.47,523840.16,160858.94,362958.28,179932.98,73160.17,99814.91,214430.9
"Castilla La Mancha",2012,,,,,,,,,,,,,,,,,,,,,,,,
"Castilla Leon",1996,13.58,1.05,1.93,0.01,1.81,65.83,41.21,6.54,24.58,1.14,87.13,13.04,1.19,75476.57,1789.27,15535.61,320.73,46679.7,11973.23,34706.47,11252.64,6299.49,1199.06,29222.19
"Castilla Leon",1997,12.48,0.97,1.83,0.01,2.09,66.91,79.59,8.7,22.56,1.13,75.88,13.49,0.53,97485.01,1870.42,18600.14,1571.3,69241.41,19968.22,49273.19,22643.82,7578.25,1769.84,35298.34
"Castilla Leon",1998,18.37,1.14,1.95,0.01,2.2,53.94,45.28,18.56,18.53,1.14,80.96,14.44,0.86,125325.17,2122.23,25387.95,1458.72,148960.82,95642.95,53317.88,65838.91,15370.57,1248.2,44014.19
"Castilla Leon",1999,14.36,0.64,1.96,0.01,1.74,61.19,,11.92,15.46,1.07,83.89,14.73,0.65,181116.48,1910.71,36303.46,-2477.72,269232.74,193042.83,76189.9,133212.08,33278.83,1678.7,58321.36
"Castilla Leon",2000,9.95,0.7,1.8,0.01,1.54,55.12,40.79,14.34,17.21,1.14,85.69,15.61,0.6,229073.51,4737.51,45643.48,-9067.29,432631.98,306503.87,126128.12,178578.86,126197.17,5354.6,22872.1
"Castilla Leon",2001,15.97,0.61,1.97,0.01,1.41,54.36,67.78,7.92,16.91,1.05,82.76,15.98,0.59,273118.16,8365.53,55897.99,-11828.4,497635.72,372924.38,124711.35,182807.01,179641.47,5188.98,42364.47
"Castilla Leon",2002,13.26,0.63,1.9,0.01,1.69,51.35,37.37,1.59,17.95,1.11,80.12,15.97,0.54,307666.34,9825.12,61450.73,-19255.04,442118.96,323535.22,118583.75,131040.28,167296.09,7333.41,41771.7
"Castilla Leon",2003,12.36,0.54,1.68,0.01,1.61,57.03,39.4,6.9,14.85,1.09,85.7,16.59,0.46,337469.79,10655.06,64146.44,-24023.89,465384.04,331941.93,133442.12,136748.48,168133.03,20559.44,53599.07
"Castilla Leon",2004,12.66,0.64,1.73,0.01,1.62,51.91,45.4,5.15,16.23,1.1,87.04,17.48,0.56,383238.58,12926.62,72135.36,-41620.8,502451.96,343243.46,159208.5,99188.77,218160.4,7959.55,36244.13
"Castilla Leon",2005,14.04,0.66,1.72,0,1.74,51.59,20.79,7.34,16.67,1.12,83.38,18.55,0.49,354819.76,2925.39,76338.55,4319.04,222248.56,72976.34,149272.23,60525.04,42349.11,5394.94,106312.71
"Castilla Leon",2006,13.72,0.8,1.66,0.01,1.63,54.96,57.49,10.15,17.04,1.11,88.03,19.32,0.75,406645.88,3498.07,88637.02,6124.13,273341.84,88386.09,184955.74,73523.21,45383.49,10711.42,128078.05
"Castilla Leon",2007,14.61,1.33,1.63,0.01,2.27,57.98,84.61,5.93,20.37,1.13,93.47,20.33,1.15,477589.4,9991.91,101135.05,153.78,328518.05,103735.83,224782.23,79890.06,9849.38,21637.19,141177.66
"Castilla Leon",2008,12.17,1.01,1.63,0.01,1.62,51.52,44.48,-3.07,20.59,1.12,79.31,20.98,0.98,449806.56,17005.44,116556.22,-10961.59,345840.69,129164.22,216676.48,88921.78,61931.68,44426.9,147068.95
"Castilla Leon",2009,9.07,0.58,1.38,0.01,1.3,56.2,56.51,-8.11,22,1.2,75.09,21.45,0.49,421850.64,7296.57,113865.82,-7511.93,353719.6,132294.33,221425.28,95860.62,70474.62,42960.33,143218.85
"Castilla Leon",2010,6.9,0.66,1.37,0.01,1.47,58.28,27.92,-5.25,23.83,1.26,75.17,23.25,0.54,413698.49,5521.25,114785.01,-4217.86,365063.32,140807.74,224255.58,115469.95,69054.83,37442.4,151942.35
"Castilla Leon",2011,6.23,0.48,1.33,0.01,1.27,54.78,32.62,-5.46,25.9,1.2,73.38,22.5,0.41,382081.79,5793.43,109147.02,-924.05,346023.92,129824.37,216199.55,113071.15,64431.07,25055.41,144510.57
"Castilla Leon",2012,,,,,,,,,,,,,,,,,,,,,,,,
"Cataluna",1996,15.77,1.37,2.01,0.01,1.85,75.28,54.05,11.86,24.43,1.2,89.04,19.26,1.45,3326028.18,55593.9,497832.74,64116.68,1909658.47,559461,1350207.47,721367.76,124592.21,161874.22,815990.88
"Cataluna",1997,16.67,1.43,2.02,0.01,2.08,75.14,47.7,16.52,23.11,1.18,94.57,19.21,1.43,4503339.61,75515.86,662761.02,109899,3503431.59,1305424.29,2197987.28,1627066.27,373514.71,175288.6,1042048.51
"Cataluna",1998,21.1,1.71,2.01,0.01,2.65,73.47,48.15,19.31,23.47,1.17,90.99,19.68,1.66,5628016.7,69810.74,855455.21,67678.15,4374832.5,1904007.36,2470805.23,1881310.05,415498.07,198423.19,1321885.25
"Cataluna",1999,21.51,1.71,2,0.01,2.81,74.09,46.47,16.28,22.86,1.18,90.03,20.91,1.84,6833696.09,81466.57,1120184.78,-402044.34,7835220.73,4102491.69,3732738.11,3256154.47,1213478.83,332628.09,1584650.78
"Cataluna",2000,19.08,1.49,1.91,0.01,2.5,73.92,50.24,11.88,22.44,1.16,84.18,21.82,1.48,9190247.67,219973.95,1771518.72,-2517769.25,20610469.74,12612444.89,7998024.91,8257053.28,3815587.95,947339.9,3337472.5
"Cataluna",2001,18.05,1.36,1.95,0.01,2.33,70.69,39.95,11.24,23.44,1.18,86.31,23.07,1.27,10639179.03,343717.17,1701150.22,-1902599.37,20791643.38,14416407.33,6375236.13,9555926.79,4858953.97,1324274.46,2289174.68
"Cataluna",2002,14.83,1.01,1.86,0,2.02,68.91,39.87,4.04,23.29,1.18,81.97,23.45,0.91,11653321.61,421693.28,1788149.64,-2967221.43,18215023.74,11635210.5,6579813.28,7502720.64,4235378.8,1681713.73,2247117.2
"Cataluna",2003,14.53,1.11,1.85,0,2.32,69.94,42.24,6.55,23.42,1.19,83.07,24.13,0.94,12168652.53,351863.43,1807642.5,-61078.1,18130726.7,11581668.34,6549058.41,7316714.54,5453641.12,593393.5,2461042.21
"Cataluna",2004,14.79,1.24,1.8,0,2.55,70.95,40.66,6.59,23.98,1.22,86.47,25.47,1.19,13423112.49,342681.99,1831874.3,211179.61,16964467.29,11847899.25,5116568.1,4957096.02,6888505.68,664961.31,2589325.87
"Cataluna",2005,14.5,1.18,1.79,0,2.43,73.22,42.23,7.52,23.25,1.22,92.38,25.97,1.25,10986118.9,109011.69,1744963.94,35752.6,7003456.4,2496001.31,4507455.09,2228147.73,1148084.7,277376.72,2821976.94
"Cataluna",2006,15.54,1.46,1.77,0,2.74,72.81,38.84,9.01,22.77,1.23,96.49,27.52,1.45,12693809.81,135650.51,1896592.73,147605.56,7799957.03,2642129.48,5157827.55,2401220.98,1081200.38,321587.71,3349713.41
"Cataluna",2007,16.59,1.68,1.8,0.01,2.94,75.51,45.21,8.14,25.09,1.29,104.27,29.66,2,12827829.61,246433.86,2006928.62,169348.37,9224519.65,3788092.81,5436426.86,2524672.31,1995278.27,365569.15,3559154.08
"Cataluna",2008,12.96,1.42,1.73,0.01,2.21,66.32,31.4,-1.63,28.07,1.32,92.61,30.76,1.41,11789545.53,226074.32,2231459.93,84787.28,9175407.5,4233936.3,4941471.22,2712235.2,2260844.75,389916.68,2858001.42
"Cataluna",2009,8.76,0.9,1.53,0.01,1.64,73.96,30.03,-11.72,28.74,1.37,82.61,30.87,0.81,9903641.19,182737.49,2175655.41,97067.9,8993728.29,4361510.98,4632217.33,2794997.91,2580473.81,387106.09,2496589.53
"Cataluna",2010,8.39,1.06,1.53,0.01,1.98,73.22,30.44,1.15,29.71,1.42,89.4,32.16,1.01,8980760.89,177486.86,2094542.15,127820.94,8704096.54,4302900.66,4401675.09,2749666.46,2532459.08,371723.02,2199551.09
"Cataluna",2011,7.19,0.91,1.53,0.01,1.76,70.53,25.1,-2.68,32.54,1.47,87.31,32.59,0.83,8253960.26,199365.2,2079636.3,109860.54,8325757.37,4243642.83,4082114.61,2663342.49,2493244.58,317557.92,1993502.36
"Cataluna",2012,,,,,,,,,,,,,,,,,,,,,,,,
"Extremadura",1996,10.52,1.2,1.74,0.01,1.24,52.35,,13.94,12.73,1.07,90.71,12.28,1.92,31869.11,746.05,4502.09,693.73,18123.01,4444.62,13678.38,5869.92,1639.29,0,9951.66
"Extremadura",1997,12.03,0.93,1.65,0.02,1.27,60.88,,17.09,21.67,1.31,184.92,11.96,1.74,42807.36,642.76,4213.9,662.28,21639.51,5644.69,15994.81,6865,3184.74,0,11146.01
"Extremadura",1998,11.98,0.57,1.77,0.01,1.26,62.71,32.21,14.7,23.4,1.12,103.67,13.53,1.06,47748.57,581.95,5577.78,618,22021.83,6136.13,15885.71,7100.04,3158.49,72.49,11115.59
"Extremadura",1999,10.32,0.65,1.77,0.01,1.21,52.92,90.49,7.17,18.09,1.06,90.86,13.53,0.87,57198.34,511.1,6700.09,766,25464.05,6773.11,18690.95,6737.7,3335.4,55.41,14044.11
"Extremadura",2000,16.46,1.02,1.61,0.01,2,61.84,,13.66,14.8,0.95,63.08,12.29,0.93,69342.3,620.8,8115.3,1320.52,26938.55,8183.67,18754.88,8271.21,3101.61,0,15583.82
"Extremadura",2001,14.43,0.42,1.64,0.01,1.19,60.96,,5.63,13.47,1.02,63.78,13.61,0.39,71292.65,808.45,10914.1,1010.87,36863.4,12574.91,24288.5,12140.39,4540.31,0,18827.47
"Extremadura",2002,11.79,0.14,1.63,0.01,1.09,53.96,,5.09,10.69,1.02,67.73,14.69,0.23,69736.42,868.31,12386.92,189.16,51021.1,16501.2,34519.9,13219.38,6687.41,0,20386.7
"Extremadura",2003,22.24,0.54,1.64,0.01,1.54,43.58,,12.09,12.53,1.03,63.18,15.6,0.35,104201.56,897.87,16406.27,1622.74,55787.72,18404.32,37383.41,14989.06,8060.07,0,30064.46
"Extremadura",2004,19.66,0.53,1.66,0.01,1.55,55.01,23.67,10.52,11.84,1.01,72.23,16.45,0.35,111160.7,1209.93,18657.14,1217.11,80820.28,28246.89,52573.4,22375.81,17291.76,34.62,32583.51
"Extremadura",2005,15.31,0.98,1.57,0.01,2.04,51.62,49.38,14.03,11.69,1.02,75.54,17.33,0.83,129036.84,1392.82,22276.43,1925.98,93423.6,38761.94,54661.67,24589.99,20527.61,2315.22,36887.04
"Extremadura",2006,14.46,1.2,1.6,0.01,1.73,57.32,70.32,12.64,12.29,1.03,87.31,19.03,1.24,151654.66,1932.54,26520.94,1584.88,102990.87,45365.8,57625.08,28460.58,21926.01,3269.79,38152.65
"Extremadura",2007,19.88,1.28,1.78,0.01,1.93,54.58,31.75,3.53,17.32,1.05,84.96,19.25,1.36,154434.3,1688.17,26841.47,2733.82,90865.99,30557.6,60308.38,25280.26,4600.06,3455.73,44352.93
"Extremadura",2008,13.09,1.26,1.8,0.01,1.76,64.03,63.11,-4.53,21.69,1.18,75.44,19.82,1.11,152882,2688.61,29079.34,1744.72,111007.28,48259.66,62747.63,36901.24,20099.71,13262.8,39866.6
"Extremadura",2009,10.22,1,1.48,0.01,2.04,67.04,84.35,-3.67,23.26,1.24,71.47,19.87,0.84,138332.37,1977.34,30728.95,1976.29,117201.21,50932.85,66268.37,43432.22,24539.97,9738.74,38224
"Extremadura",2010,15.66,1.18,1.51,0.01,2.03,59.67,67.11,-4.75,31.91,1.4,69.06,20.56,1.08,136931.91,1864.28,32309.14,2774.99,142931.04,56832.58,86098.45,50368.55,45330.46,11225.32,40659.16
"Extremadura",2011,8.43,1.11,1.23,0.01,1.74,67.26,70.61,-5.21,36.57,1.48,66.61,22.25,0.79,120701.22,1971.84,34030.17,282.59,123420.88,58932.3,64488.57,48239.48,33786.19,7141.03,40541.76
"Extremadura",2012,,,,,,,,,,,,,,,,,,,,,,,,
"Galicia",1996,12.75,1.06,1.89,0.01,1.47,62.72,33.3,12.89,23.91,1.12,79.18,14.37,0.81,155448.28,2670.33,37408.83,2629.33,97224.94,26557.35,70667.58,38046.93,7055.22,4152.85,49984.25
"Galicia",1997,15.31,1,2.09,0.01,1.98,60.6,80.27,18.92,19.67,1.14,85.53,15.12,1.19,212189.52,2496.27,50849.62,6994.48,133205.1,30845.15,102359.93,49499.33,7360.19,6071.88,70073.32
"Galicia",1998,18.76,0.71,1.9,0.01,1.74,58.97,51.5,13.38,17.07,1.1,76.59,14.02,0.48,268977.39,2841.09,64750.39,8304.55,231856.05,55232,176624.09,70574.92,13607.41,12558.3,99640.34
"Galicia",1999,21.06,1.31,1.95,0.01,2.47,59.48,50.58,18.88,16.87,1.08,80.78,13.71,1.3,403563.63,4584.98,90974.65,-1193.42,348779.87,140248.03,208531.84,78215.7,54345.52,9536.75,136100.18
"Galicia",2000,22.22,1.36,1.98,0.01,2.63,58.15,64.03,15.56,17.43,1.09,89.95,14.32,1.38,545151.57,7809.36,123952.11,-64279.51,603219.03,292783.73,310435.32,65535.69,224657.66,16704.04,182256.74
"Galicia",2001,21.63,1.49,1.88,0.01,3.15,59.04,60.3,10.81,19.83,1.13,80.24,15.13,1.3,715182.76,16344.2,164780.36,-109114.12,934823.64,498646.13,436177.49,150999.07,313783.8,23134.57,301397.07
"Galicia",2002,15.47,1.08,1.74,0.01,2.12,58.12,45.73,4.42,18.73,1.1,72.67,15.02,0.74,878566.04,27211.49,223167.77,-74533.67,1172374.49,677377.04,494997.44,153253.53,516332.69,19108.83,318876.75
"Galicia",2003,15.95,0.79,1.66,0,1.95,58.73,27.82,6.56,17.84,1.08,72.06,16.07,0.57,986809.95,28392.24,239962.67,-37235.7,1298966.64,745839.66,553126.98,121319.01,547781.98,67866.52,323440.23
"Galicia",2004,15.38,0.9,1.72,0,2.12,59.39,56.47,10.12,18.83,1.11,74.6,16.61,0.76,1146238.12,29518.56,248601.96,-24094.2,1285879.42,734001.5,551877.9,100088.72,577386.62,34095.35,308764.37
"Galicia",2005,12.96,0.89,1.76,0,1.95,56.93,55.26,7.57,15.92,1.11,78.7,17.04,0.78,1159623.2,31435.51,195610.65,-35661.3,1461267.89,969445.13,491822.75,41813.07,898029.02,37554.82,282362.5
"Galicia",2006,14.51,0.7,1.66,0.01,1.86,67.54,59.9,9.55,17.62,1.12,76.7,18.08,0.59,1278120.42,31715.44,212992.45,-87941.37,1633371.32,1053892.07,579479.28,-17283.85,1061736.65,35176.25,331107.51
"Galicia",2007,16.67,1.22,1.64,0.01,2.15,65.63,66.06,7.27,18.73,1.15,77.24,18.55,0.95,1381650.67,24775.3,226216.71,-76958.93,1511846.65,908661.31,603185.36,111528.1,744385.81,54871.35,293324.12
"Galicia",2008,17.4,1.3,1.63,0.01,2.13,55.27,42.01,1.93,21.65,1.16,70.86,19.53,1.06,1015262.35,29410.56,221350.37,42717.23,1138559.47,698552.75,440006.71,428959.11,306154.15,73638.47,316119.54
"Galicia",2009,11.69,1.01,1.5,0.01,1.76,55,44.98,-7.95,22.69,1.19,66.91,21,0.77,1086028.62,25839.17,245386.14,58464.42,1222301.59,715123.27,507178.32,490190.07,288871.48,89223.1,347853.16
"Galicia",2010,9.67,0.81,1.53,0.01,1.64,54.44,24.24,-2.9,25.36,1.24,61.63,20.75,0.58,1076770.4,19760.04,250512.33,59062.89,1229787.42,713607.61,516179.8,456319.12,346915.41,75449.84,316581.02
"Galicia",2011,8.06,0.72,1.4,0.01,1.63,61.48,42.1,-6.5,27.43,1.23,62.84,21.33,0.47,991087.84,44529.2,251255.23,26557.78,1232561.42,725691.99,506563.64,339609.1,475118.27,61731.43,286901.31
"Galicia",2012,,,,,,,,,,,,,,,,,,,,,,,,
"La Rioja",1996,10.26,1.29,1.57,0.01,1.62,54.9,,11.37,34.91,1.28,91.42,15.9,2.23,17004.36,181.82,4661.91,193.01,11385.79,4345.07,7040.74,5193.54,520.25,0,5935.19
"La Rioja",1997,11.65,0.73,1.66,0.01,1.5,64.49,,10.14,34.16,1.13,62.93,14.92,0.96,20081.42,184.6,4695.19,580.4,12539.41,4597.47,7941.93,5877.13,698.6,0,6923.21
"La Rioja",1998,18.12,2.17,1.72,0.01,3.07,68.54,,23.54,30.39,1.22,96.28,17.82,1.65,29981,289.09,6190.56,958.99,19916.44,5949.54,13966.91,9968.83,893.9,0,9842.26
"La Rioja",1999,18.2,3.56,1.88,0,6.24,64.87,,21.76,37.85,1.49,110.61,17.82,4.02,38084.54,269.09,8213.53,1414.66,29421.89,12381.1,17040.79,14864.49,3634.95,0,12722.27
"La Rioja",2000,22.99,3.03,1.92,0,2.55,48.85,,14.52,35.19,1.45,98.03,20.15,3.44,45040.16,377.12,9286.24,1675.1,24348.01,7154.16,17193.86,9959.77,2360.92,0,13567.37
"La Rioja",2001,12.77,0.93,1.95,0,1.8,49.8,,15.19,20.08,1.1,91.23,20.92,0.96,58502.56,1094.53,12700.49,-1418.04,33371.49,12908.05,20463.44,8004.12,8960.53,0,15278.23
"La Rioja",2002,13.64,1.14,1.99,0,2.2,54.86,,2.1,19.36,1.15,97.56,21.4,0.72,71505.16,695.14,15810.41,3732.5,48585.45,17052.62,31532.83,12717.19,12868.53,0,22194.28
"La Rioja",2003,15.36,1.62,1.69,0,2.6,57.77,14.63,6.83,26.29,1.23,102.01,21.99,2.29,79956.68,599.25,17861.76,4527.39,57779.79,17696.81,40082.99,21254.15,8031.94,2098.47,24799.31
"La Rioja",2004,15.82,1.64,1.56,0,2.83,64.28,25.17,8.16,24.56,1.17,101.59,21.53,2.1,97558.96,499.2,20585.23,5196.48,74818.19,25392.94,49425.24,26617.76,9440.35,4376.08,26099.9
"La Rioja",2005,11.94,1.31,1.43,0.01,2,69.89,37.69,9.33,26.56,1.09,88.56,22.4,0.89,113265.13,846.42,23352.38,6637.68,82980.51,26944.77,56035.75,30877.61,9975.71,4642.62,28990.1
"La Rioja",2006,14.08,1.83,1.56,0,2.43,63.19,45.18,13.03,23.21,1.13,95.18,25.65,1.76,131561.54,1117.38,27692.06,10166.55,90674.27,30993.7,59680.57,36044.34,11206.36,3221.49,30567.74
"La Rioja",2007,18.4,3.09,1.64,0.01,3.07,62.85,33.49,6.92,27.61,1.27,109.95,24.1,2.71,139489.82,1394.53,26097.69,8869.85,96666.13,28321.42,68344.72,39963.76,6726.96,4935.36,31963.26
"La Rioja",2008,13.58,1.04,1.52,0.01,1.42,51.12,24.09,-5.21,28.29,1.22,85.32,25.44,1.2,112811.47,8271.16,27124.34,3569.41,222198.81,170974.18,51224.62,96502.24,81698.03,9331.36,24998.16
"La Rioja",2009,8.92,0.83,1.41,0.01,1.65,59.04,50.93,-8.83,26.91,1.2,102.69,28.24,1.32,106571.66,7263.35,28445.98,6581.72,237687.81,182947.64,54740.17,107150.13,82431.77,9181.35,27367.89
"La Rioja",2010,7.74,1.43,1.55,0.01,1.53,62.5,42.45,3.98,26.98,1.39,94.33,26.65,1.25,105266.81,6222.02,28693.93,3884.05,239100.27,178884.5,60215.78,109468.03,79060.22,9483.49,24436.37
"La Rioja",2011,6.96,0.7,1.3,0.01,1.18,54.4,54.45,-4.56,31.48,1.52,84.16,27.77,0.54,105486.34,5746.82,27302.79,4195.81,230123.07,174958.75,55164.32,113704.99,65592.3,10535.2,25084.78
"La Rioja",2012,,,,,,,,,,,,,,,,,,,,,,,,
"Madrid",1996,16.42,1.2,1.68,0.01,1.68,92.5,39.52,13.48,20.95,1.14,90.86,19.92,1.16,22055134,1349386.36,4770292.47,733784.2,35349717.38,26427292.61,8922426.75,13788125.05,8611169.26,1298131.32,4433079.9
"Madrid",1997,19.92,1.42,1.74,0.01,2.13,86.95,42.9,17.96,21.65,1.14,94.76,21.14,1.49,25397073.72,1291430.94,5050797.26,1255970.48,38021607.91,27973297.84,10048312.17,14789270.3,8828302.32,2210735.1,5172006.66
"Madrid",1998,22.85,1.79,1.74,0.01,2.9,87.02,36.15,20.6,21.81,1.14,94.93,21.54,1.77,30061143.86,1054110.42,5630299.85,1806716.33,48311755.7,34274859.89,14036876.88,17116804.41,10432183.96,3717735.75,6404825.04
"Madrid",1999,25.19,1.9,1.65,0,3.38,93.08,40.91,19.35,21.62,1.15,96.55,22.34,2.27,37177571.35,1768940.59,6240519.34,1332031.01,70304935.36,49292247.99,21012657.59,22074559.8,22345179.42,2667404.22,7887056.4
"Madrid",2000,21.76,1.57,1.59,0,2.79,96.51,50.17,18.25,22.13,1.15,92.65,23.81,1.59,41658434.21,2798843.19,6899283.37,344112.21,117500566.42,70068469.28,47432126.15,39298722.83,30027147.05,4997595.47,11640647.1
"Madrid",2001,18.37,1.27,1.55,0,2.09,91.78,38.5,10.35,22.64,1.15,86.87,24.76,1.12,47132903.73,4128969.05,7837511.63,62657.5,148883604.27,100172405.1,48711210.11,54123980.16,40091911.05,4394939.75,10675771.96
"Madrid",2002,15.18,0.82,1.46,0,1.75,91.53,39.79,2.16,22.13,1.13,82.47,24.71,0.65,46958852.69,6778798.16,8175187.8,-12992981.95,143524894.98,108679477.21,34844418.76,43653106.34,56261561.53,3484479.55,8414080.78
"Madrid",2003,16.13,1.07,1.48,0,2.1,85.28,38.44,5.91,22.29,1.15,85.32,25.43,0.99,49926236.64,5719582.02,8191242.9,4617299.41,139252308.46,108758049.95,30494257.62,45090231.84,54455689.41,2523474.16,7962174.84
"Madrid",2004,15.53,1.21,1.52,0,2.51,87.41,38.54,6.89,22.31,1.15,89.15,26.13,1.13,53237567.56,4213666.75,8192997.06,5537001.43,150913620,115844272.59,35069346.51,47043393.58,55606240.46,5415434.9,7518861.43
"Madrid",2005,16.27,1.42,1.5,0,2.8,92.73,40.45,10.33,21.64,1.17,93.34,26.85,1.48,59271589.86,5414432.27,8704927.12,4882396.02,165369664.35,122216873.38,43152790.98,50645176.92,53242901.33,5427569.42,7300421.28
"Madrid",2006,18.33,1.76,1.48,0,2.98,92.71,41.7,9.87,21.31,1.18,99.06,28.13,1.8,65896238.22,5650145.61,9326147.12,11220008.07,186086354.16,145761983.19,40324371.03,55417589.8,73182651.86,3502723.75,8112229.56
"Madrid",2007,20.22,2.06,1.54,0.01,3.15,95.03,47.28,8.46,23.29,1.22,104.42,29.89,2.49,73349770.13,5667218.9,10271491.44,11705884.88,188689243.3,139736323.58,48953919.74,56834000.63,63861899.62,2210923.7,7065562.69
"Madrid",2008,15.88,1.58,1.5,0.01,2.32,82.88,32.22,0.56,24.88,1.23,92.22,30.9,1.65,75347220.76,5772733.02,10787229.43,3607414.19,187148012.96,141297258.93,45852398.57,58223571.49,66585421.53,3203462.92,10274494.46
"Madrid",2009,11.26,1.06,1.38,0.01,1.77,83.4,34.78,-9.47,26.5,1.28,82.42,31.02,0.91,75919839.76,3935088.16,11026643.88,14463321.31,175931603.95,136666802.32,39264800.65,62505556.16,63915078.47,2316311.17,11068046.67
"Madrid",2010,10.26,1.29,1.35,0.01,2.22,85.66,34.97,0.32,27.37,1.3,86.99,31.09,1.2,76065069.49,3621105.19,11372394.9,6905408.93,176855281.2,142984362.48,33870918.71,59896716.47,60234797.93,2425370.8,10396699.51
"Madrid",2011,8.49,1.13,1.32,0.01,1.93,84.06,31.37,-0.66,29,1.35,88.64,32.5,1.06,72354113.86,3835180.35,13732220.68,8000310.29,174504592.57,143660647.37,30843945.31,59043206.4,62288263.22,1839195.45,9804711.74
"Madrid",2012,,,,,,,,,,,,,,,,,,,,,,,,
"Murcia",1996,14.02,1.18,2.15,0.02,1.55,52.36,100.94,15.43,21.02,1.13,67.92,11.81,0.73,41995.5,978.72,6681.39,-210.74,23635.79,6117.73,17518.07,6825.06,1769.42,11.97,13861.15
"Murcia",1997,13.12,0.97,1.93,0.01,1.53,55.93,54.49,15.91,22.48,1.13,69.55,11.1,0.88,56423.74,1088.9,9507.84,801.52,32571.33,8545.85,24025.49,10074.03,2727.17,24.61,17976.38
"Murcia",1998,19.88,1.34,2.03,0.01,2.24,47.32,86.02,23.79,19.03,1.12,82.58,12.79,1.6,80213.34,1113.18,12514.16,619.98,53428.31,24151.87,29276.45,12779.69,4685.19,27.7,21552.73
"Murcia",1999,23.06,1.77,1.94,0.01,2.75,59.19,90.08,18.38,20.26,1.08,58.83,13.22,1.55,103318.52,6765.24,16971.52,-5182.15,133420.69,72419.47,61001.22,43486.7,38801.61,964.44,35308.17
"Murcia",2000,21.21,1.49,2.03,0.01,2.82,52.84,75.1,15.03,20.21,1.08,72.85,14.46,1.45,163031.71,14390.94,28850.98,-17289.16,231079.94,145129.62,85950.31,28508.74,73429.17,8956.77,48983.81
"Murcia",2001,21.63,1.39,1.99,0.01,2.49,48.69,71.43,13.46,18.66,1.1,67.2,13.86,1.47,204160.68,25236.91,32130.73,-17823.03,292159.74,195655.61,96504.12,37011.66,163709.62,9438.59,56728.87
"Murcia",2002,22.84,1.63,2.06,0.01,2.69,47.25,94.52,17.16,17.92,1.08,82.84,14.11,1.57,252276.45,21098.03,36349.31,-16743.45,322812.89,215517.78,107295.12,21430.81,159462.91,6143.86,68009.27
"Murcia",2003,21.64,1.34,1.79,0.01,2.32,50.65,84.54,3.81,18.69,1.07,68.03,14.73,1.23,276597.97,20786.63,40817.4,918.7,345668.62,230199.38,115469.23,23496.48,131226.95,6032.6,75505.58
"Murcia",2004,17.94,1.6,1.78,0.01,3.02,54.02,100.66,15.9,18.59,1.1,74.6,15.94,1.32,254860.13,2064.33,44358.63,4897.99,145053.58,38244.54,106809.04,40611.04,16397.35,9470.37,71511.45
"Murcia",2005,16.94,1.41,1.71,0.01,2.54,54.27,72.67,9.83,16.85,1.09,85.77,16.54,1.42,312307.76,2748.65,52119.02,6030.4,177719.81,47091.28,130628.54,46224.2,23985.32,8993.94,83706.44
"Murcia",2006,17.73,1.46,1.76,0.01,2.5,55.03,74.45,9.36,17.24,1.11,90.08,17.35,1.4,370663.28,3500.32,62918.47,7193.19,229055.9,61729.23,167326.67,53381.35,31604.1,13281.34,106361.72
"Murcia",2007,19.2,1.51,1.67,0.01,2.07,56.32,113.32,6.52,19.41,1.14,93.17,19.73,1.73,411823.54,4612.03,68191.58,4463.65,263031.78,74058.24,188973.54,57094.45,4758.72,17997.51,106511.87
"Murcia",2008,12.98,1.22,1.53,0.01,1.78,57.45,68.49,-5.47,19.41,1.16,83.08,20.47,1.07,478379.71,5980.06,80094.93,5149.32,271161.3,77792.28,193369.02,64151.21,37465.33,32452.56,112953.52
"Murcia",2009,9.93,1.35,1.2,0.01,2.06,69.34,95.43,-14.11,22.93,1.25,78.02,21.11,1.15,436510.62,4857.04,76632.14,3945.39,296375.84,88607.03,207768.79,70997.33,55194.36,29534.29,119757.35
"Murcia",2010,6.86,1.02,1.19,0.01,1.94,63.76,90.37,-2.85,22,1.27,76.97,21.25,0.85,427539.72,3639.81,72668,4727.46,287282.34,81660,205622.34,75775.09,42956.42,27107.11,116029.42
"Murcia",2011,5.62,0.68,1.13,0.01,1.29,67.06,84.97,-6.74,22.89,1.35,77.05,22.4,0.68,407598.99,4060.75,71189.95,4288.48,272795.72,81143.97,191651.74,78159.45,41429.6,25005.22,109942.36
"Murcia",2012,,,,,,,,,,,,,,,,,,,,,,,,
"Navarra",1996,16.74,0.63,2.22,0.02,1.52,61.77,70.24,10.27,17.35,1.11,77.92,20.2,0.56,84244.47,2012.74,25146.31,2689.19,66854.35,26425.07,40429.27,27109.91,7556.28,2856.33,19734.93
"Navarra",1997,23.24,1.38,1.91,0.01,2.03,68.6,64.72,20.84,21.2,1.11,110.52,20.65,2.53,95340.47,1599.05,26391.88,4593.98,75612.09,26302.89,49309.21,32569.88,8562.39,2756.23,22134.04
"Navarra",1998,17.31,1.34,2,0.01,1.86,64.91,96.32,5.37,23.62,1.09,101.66,21.77,0.99,131924.98,3446.71,31943.4,8311.08,128675.42,50239.47,78435.95,51942.36,9531.86,4770.17,41907.09
"Navarra",1999,15.97,1.75,1.94,0.01,4.03,73.68,74.27,7.9,25.7,1.13,103.87,22.36,1.58,188507.32,2213.93,42137.04,6362.44,169010.96,66488.58,102522.37,68433.54,18677.05,9298.17,49542.34
"Navarra",2000,18.14,1.02,1.91,0.01,2.53,61.18,81.44,11.7,26.6,1.18,102.96,23.98,1.19,217995.01,2955.41,52548.05,5332.69,246700.55,105605.86,141094.66,88942.07,41172.88,24431.65,76484.01
"Navarra",2001,24.39,2.34,1.73,0.01,2.53,64.95,69.42,14.61,27.02,1.23,88.21,23.98,2.65,248861.76,3551.55,63949.53,6064,274415.98,137376.05,137039.95,100829.3,38230.52,36716.62,84728.23
"Navarra",2002,14.73,0.56,1.74,0.01,2.04,63.95,61.25,5.02,23.21,1.11,86.1,24.59,0.6,232724.7,4530.3,69553.08,-155.98,292125.94,156031.53,136094.4,116745.31,52223.89,29390.09,81484.42
"Navarra",2003,9.85,0.72,1.75,0.01,1.81,64.12,64.11,2.66,21.61,1.12,87.93,26.73,0.75,248037.68,4844.86,69595.59,-2499.68,331281.09,176905.52,154375.56,110135.23,61529.74,29702.68,92936.43
"Navarra",2004,11.27,0.65,1.67,0,1.69,63,72.25,7.65,20.34,1.12,95.71,26.49,0.44,294897.44,5151.01,72903.02,13929.15,367692.77,196704.01,170988.75,152116.23,91299.07,25143.34,95500.88
"Navarra",2005,14.46,0.76,1.74,0,1.82,61.2,69.57,6.73,20.41,1.17,91.7,29.11,0.72,280559.19,5382.56,70350.6,2914.84,396849.07,245157.81,151691.25,155617.81,128721.8,18431.1,72299.94
"Navarra",2006,16.76,1.93,1.69,0,2.7,62.55,55.44,11.52,20.01,1.26,92.7,29.02,1.88,348060.43,6683.24,80408.62,14940.69,451602.66,248959.82,202642.84,172567.37,126950.3,30487.74,87082.94
"Navarra",2007,16.47,1.26,1.71,0.01,2.21,70.16,58.58,12.6,24.09,1.28,101.54,30.92,1.66,412314.36,10547.17,91779.82,18937.12,506587.97,263129.85,243458.12,196166.01,112226.74,40594.16,112485.1
"Navarra",2008,9.82,1.86,1.69,0.01,2.21,61.17,26.87,0.91,25.84,1.37,90.62,30.45,1.71,360858.99,11094.54,100444.27,16605.27,451897.48,264791.21,187106.26,211896.69,103334.97,33552.23,109685.43
"Navarra",2009,5.79,0.54,1.49,0.01,1.45,66.08,38.22,-15.25,30.61,1.37,77.44,30.8,0.69,365696.14,6093.7,100846.36,8048.86,523295,275542.65,247752.36,246595.62,109596.74,23484.09,125829.48
"Navarra",2010,5.4,0.67,1.45,0.01,1.42,66.83,34.05,1.44,28.2,1.35,82.61,31.17,0.41,621477.74,5669.96,104255.63,34161.54,588501.13,275117,313384.13,279494.41,113519.18,42692.57,125849.58
"Navarra",2011,4.42,0.59,1.37,0.01,1.71,56.15,34.73,-3.61,28.85,1.36,79.78,31.86,0.44,466645.14,7774.1,105483.25,18267.4,454608.92,211323.45,243285.49,240782.89,70776.65,36610.62,101065.22
"Navarra",2012,,,,,,,,,,,,,,,,,,,,,,,,
"Valencia",1996,16.65,1.19,2.09,0.01,1.59,59.82,48.6,7.99,22.8,1.14,73.04,13.38,1.5,383562.46,11681.79,56329.18,12788.5,215547.43,45672.51,169874.91,77342.89,15648.77,7133.86,115500.69
"Valencia",1997,19.62,1.32,2.1,0.01,1.82,63.78,50.99,15.88,21.35,1.15,88.72,14.08,1.19,465811.7,11113.59,65058.84,17660.22,293329.66,64228.22,229101.43,103379.24,17245.96,11507.46,138054.53
"Valencia",1998,20.15,1.3,2.11,0.01,2,61.26,52.95,17.31,19.94,1.1,78.96,15,0.96,637142.85,19943.82,88696.95,-25391.08,464422.2,132561.99,331860.22,170781.03,27870.48,14101.87,212419.73
"Valencia",1999,22.07,1.53,2.04,0.01,2.45,58.48,55.67,16.07,19.87,1.14,76.37,15.58,1.21,771232.02,42371.72,115101.94,-2263.01,747482.91,290809.77,456673.11,218973.87,224000.14,21299.13,224114.47
"Valencia",2000,17.95,0.9,2.04,0.01,1.59,56.67,57.79,12.02,18.46,1.1,79.03,16.26,0.78,920504.94,64202.99,152862.64,-60529.46,1045131.89,542615.39,502516.54,247028.13,268756.87,26286.39,301362.56
"Valencia",2001,18.84,1.07,1.93,0.01,1.96,56.16,38.89,9.16,18.18,1.1,75.47,16.9,0.92,1135901.42,96683.54,191003.7,-72340.79,1376982.8,791426.3,585556.53,268922.06,623398.69,48202.44,364504.54
"Valencia",2002,18.13,1.11,1.94,0.01,2.01,56.76,31.5,5.65,20.25,1.12,74.27,17.28,0.95,1219746.88,80203.27,207997.92,-78616.73,1520098.84,922222.66,597876.16,200435.81,631402.69,43642.69,366144.19
"Valencia",2003,15.99,1.04,1.93,0.01,2.04,57.26,35.72,5.66,20.46,1.12,74.91,17.67,0.77,1432790.51,83000.11,229319.72,5625,1667046.39,987033.15,680013.21,220209.55,589197.1,47793.53,425567.15
"Valencia",2004,17.72,1.1,1.86,0.01,2.17,59.79,38.21,6.7,19.78,1.11,77.86,18.85,0.93,1616139.97,72707.81,257708.02,-38755.93,1810707.53,1104316.96,706390.6,302361.72,509371.04,50596.09,432669.21
"Valencia",2005,16.25,1.17,1.73,0.01,2.32,62.85,54.76,7.63,19.1,1.13,79.73,19.45,1.03,1544168.49,15384.08,285380.47,29656.75,1032287.63,323563.27,708724.38,328991.12,187375.33,62379.29,444636.76
"Valencia",2006,16.25,1.28,1.79,0.01,2.39,60.19,54.7,7.61,20.55,1.18,82.82,20.37,1.14,1717613.92,18847.58,324091.06,50316.28,1161903.16,331495.02,830408.13,372370.69,206827.23,78818.28,517294.55
"Valencia",2007,18.67,1.46,1.82,0.01,2.47,64.49,59.81,6.77,22.08,1.21,89.8,22.13,1.37,1833639.79,24611.5,352350.53,60268.8,1314163.98,382321.07,931842.88,436962.35,89656.02,124002.91,578992.26
"Valencia",2008,13.5,1.06,1.67,0.01,1.87,58.4,35.29,-7.68,25.29,1.23,78.26,23.1,0.9,2007239.76,39099.75,396083.24,35537.28,1326089.43,468771.43,857318.01,472643.61,224874.75,188773.37,584455.08
"Valencia",2009,8.8,0.79,1.42,0.01,1.54,60.75,45.05,-14.02,25.16,1.28,71.07,22.75,0.63,1556988.88,21344.98,367804.42,30497.58,1343102.77,493716.85,849385.97,520122.17,210338.51,137356.18,490320.39
"Valencia",2010,9.02,0.85,1.46,0.01,1.72,61.6,40.5,-1.29,26.52,1.32,74.4,23.24,0.66,1725159.24,25496.92,383027.17,35466.32,1457567.91,558615.27,897190.83,558172.07,261835.42,153668.95,536300.62
"Valencia",2011,6.1,0.64,1.35,0.01,1.45,62.47,37.65,-5.57,28.75,1.36,73.41,24.15,0.54,1361802.05,16583.33,339211.76,25302,1197969.61,437059.42,760910.2,494217.53,209023.03,105440.75,470469.76
"Valencia",2012,,,,,,,,,,,,,,,,,,,,,,,,
"Pais Vasco",1996,18.45,1.42,1.88,0.01,1.86,80.69,28.86,13.91,26.4,1.23,81.82,20.67,1.26,503008.88,8775.69,118603.5,12752.08,360386.75,101131.2,259255.6,127354.53,33091.59,22485.95,158169.48
"Pais Vasco",1997,19.82,1.37,1.88,0.01,2.55,69.32,37.4,10.45,27.57,1.21,90.29,22.85,1.51,596199.39,8726.92,134605.47,15247.89,486573.94,163606.8,322967.14,231523.03,32138.36,26078.4,171077.51
"Pais Vasco",1998,22.49,2.27,1.88,0.01,2.96,77.09,40.14,15.16,24.62,1.21,85.08,20.99,1.61,737916.61,9626.09,172406.77,18723.3,572826.21,235676.92,337149.34,264356.69,40600.67,28332.18,198942.03
"Pais Vasco",1999,20.03,1.81,1.92,0.01,2.93,78.64,41.48,16.91,26.97,1.24,88.15,21.6,1.82,965398.38,20832.91,216450.86,9823.24,799479.4,342548.49,456930.87,319936.8,38806.17,85501.98,242238.08
"Pais Vasco",2000,17.51,1.52,1.72,0.01,2.86,80.53,45.97,13.2,23.35,1.17,91.16,21.54,1.55,1191604.61,21194.51,267045.98,-24926.84,1237052.11,603591.23,633460.9,435504.11,183231.06,173696.6,298737.53
"Pais Vasco",2001,18.68,1.26,1.78,0,2.23,71.22,39.37,14.81,25.27,1.18,88.73,23.3,1.37,1548956.14,48214.03,365891.58,-45372.01,1575345.36,876661.12,698684.28,493583.79,352280.75,190926.16,399364.22
"Pais Vasco",2002,13.27,0.73,1.76,0,1.87,74.81,46.84,4.47,23.59,1.17,80.14,24.08,0.57,1692853.72,37070.61,433681.82,-6985.33,1797067.31,1044436.87,752630.43,582113.23,414819.01,151995.37,398079.59
"Pais Vasco",2003,12.3,0.7,1.75,0,1.66,76.16,34.13,4.7,25.25,1.2,79.13,24.63,0.66,1909190.19,33387.39,444690.77,15680.03,1965007.26,1159795.69,805211.59,644558.41,515678.19,144009.3,479679.34
"Pais Vasco",2004,12.76,0.85,1.73,0,2.06,78.02,48.35,4.81,24.68,1.21,82.25,25.04,0.83,1970415.67,33100.97,462532.88,47455.35,2097394.03,1246742.9,850651.14,697217.2,481604.59,257041.22,532976.03
"Pais Vasco",2005,11.95,0.72,1.66,0,2.2,76.7,38.04,5.76,21.15,1.19,84.27,25.89,0.69,2282063.41,36109.62,511638.56,112878.28,2296617.98,1308641.61,987976.37,815157.51,477969.21,177954.6,571427.25
"Pais Vasco",2006,14.05,1.26,1.58,0,2.31,81.26,41.35,7.52,21.38,1.2,88.12,27.42,1.39,2482862.42,34062.58,564281.98,101439.32,2547629.21,1449455.78,1098173.42,887243.31,489627.64,251956.11,628899.59
"Pais Vasco",2007,14.66,1.98,1.72,0.01,3.17,81.8,48.45,8.6,25.32,1.32,98.85,29.24,2.01,2459857.17,51188.64,577149.74,83440.56,2693232.22,1636437.91,1056794.33,962782.24,623287.92,194467.68,543913.11
"Pais Vasco",2008,11.9,1.33,1.63,0.01,2.29,72.89,42.55,1.27,27.13,1.29,86.72,29.18,1.21,2613778.47,64926.37,684765.15,86617.64,2918972.61,1765120.98,1153851.65,1264225,530848.56,283829.47,613593.62
"Pais Vasco",2009,8.46,0.58,1.43,0.01,1.4,77.5,34.31,-9.47,28.49,1.3,79.18,30.9,0.49,2487817.36,40032.08,714705.96,28202.3,2928571.77,1765191.95,1163379.81,1290014.02,627602.59,217434.29,606311.68
"Pais Vasco",2010,5.57,0.65,1.46,0,1.81,73.24,37.24,-1.91,28.48,1.33,82.36,31.02,0.49,2691685.77,46977.02,695465.08,42651.03,3149450.29,1918076.82,1231373.48,1279487.33,731010.24,232269.92,577620.06
"Pais Vasco",2011,5.25,0.52,1.46,0.01,1.43,74.72,38.84,-3.5,30.66,1.32,84.6,32.66,0.44,2716405.26,53128.92,685601.86,-162271.59,2923770.55,1732233.97,1191536.57,1120417.67,466401.74,279332.22,582418.06
"Pais Vasco",2012,,,,,,,,,,,,,,,,,,,,,,,,
"ESPANA",1996,15.89,1.2,1.85,0.01,1.67,75.8,42.73,11.57,22.37,1.15,85.38,17.8,1.24,28141627.16,1470360,5818710.41,855014.81,39133784.5,27517555.75,11616240.82,15097632.05,8920910.39,1614382.53,6154940.92
"ESPANA",1997,18.07,1.35,1.9,0.01,2.02,72.64,46.1,16.16,22.02,1.15,89.46,18.18,1.33,33404514.04,1434278.34,6352487.34,1459848.87,43828449.06,29964576.69,13863854.47,17195687.39,9404329.77,2518431.95,7216054.46
"ESPANA",1998,21.3,1.54,1.9,0.01,2.41,72.14,41.86,18.7,21.29,1.14,87.67,18.02,1.45,40175886.21,1197145.65,7302827.21,1951161.39,55850811.98,37264749.07,18586024.22,20094940.27,11096832.95,4053970.89,9009742.74
"ESPANA",1999,22.51,1.58,1.87,0.01,2.7,73.24,42.71,16.85,21.05,1.14,86.53,18.62,1.56,49707056.94,1986079.22,8400861.5,955823.74,82945130.76,55394296.62,27550813.42,26888675.18,24276082.98,3257799.94,11043765.05
"ESPANA",2000,19.49,1.3,1.8,0.01,2.31,74.27,50.81,13.65,20.79,1.13,85.21,19.49,1.24,58071257.06,3247730.77,10025925.97,-2424982.3,145386371.56,86280790.9,59105599.77,49455322.35,35315129.27,6369169.63,16956503.62
"ESPANA",2001,18.72,1.17,1.8,0.01,2.05,70.06,39.44,10.61,21.17,1.13,80.77,20.17,1.07,66618520.76,4762385.06,11229150.93,-2114332.14,178235701.59,119191919.62,59043793.09,65823408.84,47380829.65,6323611.89,15332474.61
"ESPANA",2002,16.39,0.93,1.72,0.01,1.9,69.2,39.54,4.44,20.94,1.12,78,20.32,0.78,68099699.47,7454939.8,11821943.12,-16260065.25,170893224.44,125324833.77,45567391.69,53440708.06,63204440.28,5676062.87,13104938.6
"ESPANA",2003,15.72,1.02,1.71,0,2.03,68.36,38.45,6.72,21.19,1.13,79.98,20.9,0.85,72711786.88,6307317.85,11925586.42,4553901.37,166713547.02,125127057.56,41586488.58,54719080.61,62394333.21,3659152.78,13098583.66
"ESPANA",2004,15.62,1.1,1.69,0,2.28,70.09,40.55,6.99,21.2,1.15,83.35,21.94,1.01,78261596.88,4777164.27,12088252.23,5784376.97,177766534.1,132707738.33,45058794.91,54538815.79,64922161.37,6769746,12913019.45
"ESPANA",2005,15.51,1.12,1.66,0,2.33,71.63,42.63,8.28,20.19,1.15,85.99,22.32,1.06,82724722.89,5681078.56,12658519.6,5119706.36,181896807.45,129168279.02,52728528.49,55542491.19,56815073.95,6236474.53,13129720.79
"ESPANA",2006,16.62,1.36,1.64,0,2.49,72.46,41.7,9.4,20.46,1.17,90.21,23.36,1.31,92375080.88,5964199.88,13719686,11499613.14,204700667.7,153352061.63,51348606.19,60643823.07,77079202.46,4566331.1,14984947.38
"ESPANA",2007,18.13,1.65,1.68,0.01,2.66,74.78,49.16,7.51,22.44,1.21,96.11,24.78,1.73,100486870.15,6142987.18,14995696.14,12078764.42,209448616.6,148719078.11,60730538.53,62717017.58,67968242.1,3510814.31,14301744.27
"ESPANA",2008,14.09,1.34,1.6,0.01,2.08,65.48,34.25,-1.7,24.9,1.23,85.76,25.59,1.23,101421989.69,6294018.45,16016927.19,3939646.83,207969441.86,151068969.4,56902117.06,65205916.74,71131483.25,4739354.1,16810912.63
"ESPANA",2009,9.94,0.89,1.42,0.01,1.6,70.28,36.5,-11.12,26.03,1.27,77.69,26.18,0.74,98679975.47,4323146.83,16226747.06,14731810.94,196953529.26,146864552.32,50088976.06,69859687.23,68931785.76,3703047.87,17120548.84
"ESPANA",2010,9.08,1.01,1.42,0.01,1.88,70.43,35.08,-0.64,27,1.31,80.96,26.89,0.87,98920357.68,4005021.64,16543978.13,7310513.24,198340815.86,153515839.11,44823694.22,67438771.6,65396574.1,3823289.26,16173042.72
"ESPANA",2011,7.22,0.8,1.37,0.01,1.61,69.52,33,-3.78,28.88,1.34,79.85,27.62,0.67,93511304.1,4274995.96,18821179.73,7995691.77,195144899.29,154095587.16,41047445.35,65951433.69,67459782.08,3094173.77,15066966.24
"ESPANA",2012,,,,,,,,,,,,,,,,,,,,,,,,
